Text,Language
".Wir sind alle auf der Suche nach schnellen Wegen, um fließender Englisch zu sprechen.",German
"Ich weiß, ich verstehe, was passiert, ist, dass nur ein paar Worte unser Gehirn umkreisen und wir diese gesamte Unterhaltung mit einfach unglaublich cool oder episch führen müssen.",German
Wie wäre es also mit uns?,German
"Lernen Sie einige intelligente neue englische Wörter, die Sie in Ihrem täglichen Leben verwenden können, und erweitern Sie Ihren Wortschatz in wenigen Minuten.",German
"Also werden wir heute 10 neue intelligente Wörter lernen, deren Bedeutung Wurzelwörter und Beispielsätze sind.",German
"Also lasst uns loslegen, hey, das ist alles und ihr schaut zu.",German
und in diesem Video werde ich dir 10 kluge Worte für den täglichen Gebrauch und am Ende dieses Videos geben.,German
"Ich werde Ihnen auch einen intelligenten Tipp geben, um eine wirklich fließende intelligente Wortnummer zu klingen.",German
"man ist überflutet überflutet bedeutet ertrinken oder überfluten, aber überflutet wird oft im Zusammenhang mit Arbeiten wie i 'verwendet.",German
Ich bin mit Arbeit überfüllt Ich habe zu viel Arbeit zu tun Ich war die ganze Woche mit Arbeit überfüllt Ich hatte kaum Zeit zu atmen Jetzt schauen wir uns die Wurzel dieses Wortes an.,German
"Sumpf ist ein Stück Feuchtgebiet, und wenn jemand an der falschen Stelle auf einen Sumpf tritt, kann er leicht ertrinken, und die Verbform Sumpf bedeutet zu sinken.",German
"Hier erfahren Sie, wie Sie dieses Wort verwenden können.",German
"Nehmen wir an, Sie haben viele Aufgaben und es steht ein Test an, und Ihre Freunde kommen zu Ihnen und sagen: Hey, warum hängst du nicht mit uns ab?",German
"Du kannst ihnen sagen, dass es mir so leid tut, aber ich bin überfüllt mit Arbeit oder ich habe einige andere Wörter überflutet, die du anstelle von überfüllt verwenden kannst, wenn ich zu viel habe machen.",German
"Es ist zu viel auf meinem Teller, ich ertrinke in der Arbeit.",German
"Ich bin mit Aufgaben überhäuft Smart Word Nummer zwei ist Catch-22, jetzt bin ich sicher, dass Sie ' Ich habe dieses Wort gehört, bevor catch-22 eine unmögliche Situation bedeutet, in der Sie eine Sache nicht tun können, es sei denn, Sie haben die andere getan, und Sie können die andere nicht tun, weil Sie die erste nicht getan haben.",German
"Ich habe Sie verwirrt, also lassen Sie mich Ihnen einige Beispiele geben.",German
"Eine Situation, in der Sie keinen Job bekommen, ohne Berufserfahrung zu haben.",German
"Aber Sie können keine Erfahrung sammeln, bis Sie einen Job bekommen.",German
"catch-22 wurde von Joseph Heller in seinem berühmten gleichnamigen Buch catch-22 geprägt, als er einige widersprüchliche Regeln beschrieb, die für Soldaten während des Zweiten Weltkriegs galten.",German
"Ein weiteres Beispiel für Catch-22 ist, dass Sie einen Bankkredit benötigen, weil Sie nicht genug haben.",German
"Geld, aber Sie würden diesen Bankkredit nicht erhalten, wenn Sie der Bank nicht beweisen, dass Sie genug Geld haben, damit Sie sich das nächste Mal in einer schwierigen Situation befinden.",German
um das Wort catch-22 zu verwenden.,German
und erhalten Sie diese bewundernden Blicke von Ihren Freunden.,German
"Andere Wörter, die Sie anstelle von catch-22 verwenden können, sind paradoxe oder Dilemma-Smart-Wörter.",German
"Nummer drei ist höflich höflich höflich bedeutet, raffiniert zu sein, höflich und cool zu sein.",German
"Gut erzogen hat das Wort suave verschiedene Ursprünge, aber ein sehr interessanter Ursprung des Wortes ist das, was ein angenehmes oder süß schmeckendes Beispiel bedeutet.",German
"Er ist so ausgeglichen und höflich, besonders vor den Damen oder Barack Obama ist so höflich und poliert.",German
"Denken Sie daran, wenn Sie das nächste Mal auf einer Party sind und Sie diese Person sehen, die so ist.",German
gut erzogen und kultiviert und raffiniert.,German
"Vergiss nicht zu sagen, hey, wer dieser höfliche Typ da draußen in der Ecke ist, der dieses Wort benutzt, wird deinen Wortschatz sofort verbessern.",German
"sehr höflich, so kluges Wort Nummer vier ist grausam grausam das Wort grausam bedeutet etwas wirklich Schlimmes schrecklich schrecklich grausam entsetzlich beleidigend grausam hat eine lateinische Wurzel namens oder Gefangene werden behandelt.",German
"auf grausame Weise wird manchmal in Gefängnissen grausam auch im täglichen Leben verwendet, um über ein häufiges Fehlverhalten zu sprechen, und Sie möchten es übertreiben.",German
Zum Beispiel waren seine Tischmanieren grausam oder ihr Kleidungssinn ist so grausam oder seine Grammatik ist grausam.,German
"Wenn Sie das nächste Mal von einer schrecklichen Tat in den Nachrichten hören, denken Sie daran.",German
"bemerken und sagen, dass dies eine grausame Handlung ist.",German
"Kluges Wort Nummer 5 ist erstaunlich, erstaunlich, erstaunlich, bedeutet erstaunlich erstaunlich.",German
"Jetzt verwenden wir hier oft das Wort ""fantastisch"".",German
"s ein anderes Wort, das Sie anstelle von fantastisch erstaunlich verwenden können, zum Beispiel heute habe ich eine erstaunliche Punktzahl auf meinem Test, was bedeutet, dass ich eine sehr hohe Punktzahl oder habe.",German
Ich habe eine nahezu perfekte Punktzahl erhalten.,German
"Das Wort stupendous hat klassische lateinische Wurzeln aus dem Wort, was bedeutet.",German
"so verblüfft zu sein, wird verwendet, um etwas zu beschreiben, das erstaunlich gut ist, zum Beispiel, dass sie in diesem Kleid verblüffend aussieht oder was für eine erstaunliche Aussicht von diesem Balkon oder ich lese dieses erstaunliche Buch, das ich nicht aufschreiben kann, wie es mit dir geht und sagen.",German
"Ihre Freunde, das ist dieser großartige Kanal für Studenten, und einige andere Wörter, die Sie anstelle von großartig verwenden können, sind unglaublich fantastisch oder außergewöhnlich gut.",German
"Bevor wir mit den ausgewogenen fünf Wörtern in diesem Video fortfahren, denken Sie daran, einen Kommentar unter dieses Video zu setzen.",German
"Mir zu sagen, welches dieser zehn Wörter Ihr Lieblings-Smart-Wort Nummer sechs war, bedeutet, in einer schwierigen Situation zu sein.",German
"Zum Beispiel, Junge, ich bin in einer schwierigen Situation, weil ich mit zwei verschiedenen Freunden Pläne dafür gemacht habe Abend.",German
Ich habe mein Telefon verloren und bin in einer Verlegenheit oder unser Bus ist heute Morgen kaputt gegangen und ich bin in einer Verlegenheit.,German
"Mein Freund bittet mich immer um Hilfe, wenn er in einer Verlegenheit ist und wenn es gut läuft, vergisst er es.",German
"Wenn Sie zum Beispiel das nächste Mal Mathe-Hausaufgaben von der Schule bekommen und wenn Sie Ihr Mathebuch in der Schule gelassen haben, können Sie Ihren Freunden sagen, dass Sie sich in einer echten Verlegenheit befinden mit etwas reparieren.",German
"Aber nein in einem Fix bedeutet, in einer schwierigen Situation zu sein.",German
"Andere Wörter, die Sie anstelle eines Fixes verwenden können, sind, dass ich in einer Suppe bin oder ich.",German
"Ich bin in einem Chaos oder ich bin in einem Punkt der Mühe oder nur ich bin in einem Punkt Smart Word Nummer 7 ist Flummox Flummox bedeutet, jemanden zu verwirren.",German
"So sehr, dass sie vergessen, was jetzt verwirrt zu tun ist, ist dies meistens ein überstrapaziertes Wort.",German
Warum verwenden Sie stattdessen nicht Flummox?,German
"Der Junge sah völlig verblüfft aus, als der Lehrer ihm im Unterricht eine Frage stellte oder der Hund flummoxte bei seinem eigenen Spiegelbild oder dem Touristen war der Tourist von den unterschiedlichen Bräuchen überwältigt, die.",German
"Er begegnete ihm auf seinen Reisen oder in einem Interview, als sie gefragt wurde, warum wir Sie einstellen sollten.",German
"Sie sah beim nächsten Mal völlig verblüfft aus, wenn Sie bei Fragen, zum Beispiel bei einer Prüfung, verwirrt sind, dann Sie.",German
"kann das immer sagen, weil ich es nicht hatte Ich habe mich sehr gut auf die Prüfung vorbereitet.",German
"Einige der Fragen, die Sie anstelle von Flummox verwenden können, haben mich verwirrt.",German
"Sie sind verwirrt, verwirrt oder verwirrt.",German
Das achte Wort Nummer acht ist Rendezvous Rendezvous Rendezvous.,German
"ist eine sehr französische Art zu sagen, Treffen oder Datum zum Beispiel Ich habe ein Rendezvous mit meinen Freunden beim Mittagessen am Samstag oder ich plane ein Rendezvous mit meinen Freunden im Einkaufszentrum für Filme Rendezvous kann sowohl als Substantiv als auch als Verb verwendet werden beispielsweise.",German
Ich habe heute Abend ein Rendezvous mit meinen Freunden oder ich werde mich morgen mit meinen Freunden treffen.,German
"In Frankreich wurde früheres Rendezvous von der Armee verwendet, um einen Treffpunkt für die Truppen anzugeben.",German
"Jetzt ist das Wort Rendezvous auch jetzt noch etwas Aufregendes und Geheimnisvolles, sodass Sie Rendezvous für jedes Treffen verwenden können.",German
"im Allgemeinen aber es hat gewonnen ' Wenn Sie ein Datum haben, können Sie sicher sagen, dass ein Rendezvous-Smart-Wort Nummer 9 stumpf ist.",German
"stumpf stumpf ist eine Beleidigung, die Sie verwenden würden, wenn Sie versuchen, jemanden dumm oder unintelligen anzurufen oder düster, jetzt haben Sie das Wort stumpf in der Geometrie stumpfen Winkels und spitzen Winkels gehört, so dass ein stumpfer Winkel ein Winkel ist, der größer als 90 Grad, aber kleiner als 180 Grad ist.",German
"und ein spitzer Winkel ist dieser scharfe Winkel von weniger als 90 Grad, so spitz wie ein Wort verwendet wird, um scharf und daher auch geistig scharf und stumpf zu bezeichnen, bedeutet stumpf und daher auch ein wenig langsam im Kopf, so dass Beispielsätze mit stumpf sind der Mann war so stumpf, dass er sein Passwort an einen falschen Anrufer oder das stumpfe Kind weitergab.",German
konnte nicht.,German
"Um eine einzige Frage im Test zu beantworten, oder der stumpfe Mann hatte Schwierigkeiten, selbst grundlegende Anweisungen zu verstehen.",German
"Nehmen wir jetzt an, dass Ihr Freund oder Ihre Freundin in Ihrer täglichen Situation wütend auf Sie ist und Sie nicht wissen, warum Sie das können.",German
"Sagen Sie ihnen, vielleicht bin ich stumpf, aber ich weiß nicht, warum Sie so verärgert sind.",German
"Kluges Wort Nummer 10 ist träge träge träge bedeutet, sich langsam zu bewegen, um etwas langsamer zu sein.",German
als sonst ein bisschen müde und mangelhaft aussehen.,German
"Im Energiebeispiel macht mich ein schweres Mittagessen sehr nachmittags träge, hat Wurzeln aus dem Wort, was bedeutet, dass eine langsame Person und eine Schnecke ein Tier ist, das sich wirklich sehr langsam bewegt wie ein Schneckenbeispiel.",German
Die Wirtschaft war in diesem Jahr sehr schleppend oder das Spiel hat sich nach einem schleppenden Start erholt.,German
oder das Geschäft war in diesem Quartal schleppend.,German
"Sie können es in Ihrem täglichen Leben verwenden, wenn Sie sich eines Tages sehr müde fühlen, können Sie es Ihrer Mutter oder Sie können es sagen.",German
"Deine Freunde, ich fühle mich sehr träge.",German
"Heute könnte ich mit einem Energy-Drink andere Wörter gebrauchen, die Sie anstelle von trägen verwenden können.",German
"Sie könnten träge sein oder meine Füße ziehen, also waren das die 10 klugen Wörter und früher.",German
"Ich gebe Ihnen diesen geheimen Tipp, um sehr fließend zu klingen.",German
"Ich möchte Sie daran erinnern, dass ich in diesem Fall einen Link zu einem Video setze, wenn Sie nach intelligenten Wörtern suchen, die Sie für ein Telefonat verwenden können.",German
"unten im Beschreibungsfeld dafür und jetzt ist der geheime Tipp der geheime Tipp, fließend zu klingen, nicht mehr als ein kluges Wort oder einen Satz zu verwenden, den ich manchmal kenne.",German
"wir werden sehr aufgeregt, weil.",German
"wir' Ich habe eine ganze Menge dieser klugen Wörter gelernt und wir neigen dazu, zwei, drei, vier davon in einen Satz zu packen, der nicht natürlich klingt.",German
"Stellen Sie also nacheinander sicher, dass Sie das Wort richtig aussprechen.",German
Gehen Sie zu Google und geben Sie das Wort ein.,German
"Bei der Suche ganz oben sehen Sie ein kleines Sprechersymbol, das auf diesen Sprecher klickt.",German
und höre die Aussprache ein- oder zweimal.,German
"und du bist bereit zu gehen und wenn dir dieses Video gefallen hat, vergiss nicht, uns einen Daumen hoch mit einem Kommentar zu geben.",German
"für mich darunter, mir zu sagen, welches dieser 10 Wörter dein Favorit ist und auch.",German
"Wenn Sie noch nicht auf die Schaltfläche ""Abonnieren"" und das Glockensymbol direkt daneben geklickt haben, können Sie sich freuen.",German
"Hey Leute, willkommen auf meinem Kanal in diesem Video.",German
"Ich werde dir die 50 besten englischen Sätze geben, die du in deinem Alltag verwenden kannst.",German
"Also, wenn Sie gerade dabei sind, Ihre Reise anzutreten.",German
In einem englischsprachigen Land können Sie dies vollständig nutzen.,German
"Sätze, wenn Sie eine Weile Englisch gelernt haben und das Lernen wieder aufnehmen möchten.",German
Dies ist das beste Video für den Anfang.,German
Lassen Sie uns also in hoffentlich 10 Minuten 50 Sätze auf Englisch schreiben.,German
Satz Nummer eins Dies ist eine andere Art zu fragen.,German
wie gehts?,German
Wie gehts?,German
wie geht's?.,German
"Also triffst du jemanden und hast Zeit, wie es läuft?",German
"Satz Nummer zwei, wenn Sie jemanden eine Weile nicht gesehen haben, sagen Sie ihm, dass Sie diese Person lange Zeit nicht gesehen haben.",German
"Das bedeutet, dass Sie diese Person vielleicht Wochen oder Monate lang nicht gesehen haben.",German
"drei, wenn Sie fragen möchten, was Sie getan haben.",German
"Sie fragen, was haben Sie so gemacht, was war in Ihrem Leben los?",German
"Was hast du gemacht, um sie zu erziehen, wenn alles läuft?",German
"Nun, Sie können einfach antworten, können sich nicht beschweren.",German
Alles ist wirklich cool.,German
Ich kann mich nicht über den nächsten Satz beschweren.,German
"Jemand sagt Ihnen etwas und Sie haben es im Gespräch nicht wirklich erwähnt, als würden sie irgendwie vermuten, dass Sie einen neuen Job haben, und Sie fragen ihn.",German
woher weißt du das?.,German
"Woher hast du die Nachrichten, wie geht es dir?",German
"Wenn jemand einen coolen Witz erzählt, kann man sagen, dass das ein guter ist.",German
"Das ist ein großartiger Witz, also ist der Satz, dass er gut ist.",German
"Wenn du jemandem danken willst, kannst du sagen, dass es sehr nett von dir ist.",German
"Vielen Dank dafür, dass das sehr nett von dir ist.",German
"Es ist sehr nett von dir, wenn jemand.",German
"Ich habe versucht, Ihnen zu helfen, konnte aber das Ergebnis nicht erreichen, das Sie sagen können.",German
"Trotzdem danke, es spielt keine Rolle, aber trotzdem danke.",German
vielen Dank für Ihre Mühen.,German
"Nein, trotzdem danke und ein anderer Satz, den ich manchmal in meiner E-Mail verwende, wenn ich nicht nach einer Person gefragt habe.",German
Ich frage und dann sage ich am Ende.,German
"Vielen Dank im Voraus, was bedeutet, dass ich wirklich hoffe, dass Sie werden.",German
Mach es ein paar Dankeschöns im Voraus.,German
"Vielen Dank im Voraus, wenn jemand einen Fehler gemacht hat, und er ist wirklich verärgert darüber.",German
Sie können einfach keine Sorgen sagen.,German
"Mach dir keine Sorgen, keine Sorgen, das heißt, mach dir keine Sorgen.",German
Das ist gut.,German
"Keine Sorge, stellen Sie sich vor, Sie sind nach Hause gekommen und alle Ihre Freunde sitzen auf Ihrer Couch.",German
und du bist wie was hier drin los ist wie was machst du hier?.,German
"Was ist los, wenn du etwas nicht gefangen hast oder die Person, die du immer fragen kannst, nicht verstanden hast?",German
Habe ich dich richtig verstanden?,German
"und dann mach weiter und erkläre, wo du hingekommen bist.",German
Habe ich dich richtig verstanden?,German
"Wenn Sie jemanden bitten, nicht verärgert zu sein, nicht zu weinen, können Sie sagen, nehmen Sie es sich nicht zu Herzen.",German
"Nimm es dir nicht zu Herzen wie ernst Sei nicht so verärgert, nimm es dir nicht zu Herzen.",German
"Eine andere Möglichkeit zu fragen, ob Sie einen Teil einer Phrase nicht verstanden haben, können Sie sagen, dass ich das letzte Wort nicht verstanden habe.",German
Es tut mir Leid.,German
"Kannst du es wiederholen, weil ich das letzte Wort nicht verstanden habe, wenn er möchte, dass jemand die ganze Phrase noch einmal wiederholt?",German
du kannst dich entschuldigen.,German
"Ich habe nicht zugehört, weil du vielleicht beschäftigt warst.",German
"Vielleicht haben Sie telefoniert und jemand hat mit Ihnen gesprochen, und Sie sind wie.",German
Ach du lieber Gott.,German
"Entschuldigung, ich habe nicht zugehört.",German
Kannst du das wiederholen?.,German
Es tut mir Leid.,German
"Ich habe keinen anderen Satz gehört, den ich die ganze Zeit benutze.",German
"Es spielt keine Rolle, keine Sorge, wenn Sie Ihren Kaffee über mich fallen lassen.",German
"Es ist, als wäre es egal.",German
Ich werde in Ordnung sein.,German
ich' Ich gehe sowieso zur Wäsche.,German
"Es spielt keine Rolle, ob Sie jemandem Glück wünschen möchten.",German
und ich mache immer das man sagen kann Daumen drücken und man drückt die Finger so.,German
Daumen drücken.,German
"Ein anderer Satz, den Amerikaner verwenden, ist oh schlecht, der es erklärt und.",German
"Die Situation ist, dass Sie etwas nicht bekommen haben und dann einen zusätzlichen Effekt bekommen, und Sie bekommen es.",German
und du bist wie oh das erklärt es das erklärt es.,German
"Eine andere Möglichkeit, der Person zu sagen, dass sie nicht verärgert sein soll, besteht darin, zu sagen, dass Dinge passieren, als ob es in Ordnung wäre.",German
"Dinge passieren, sei nicht verärgert, wenn du nicht den Namen einer Person hast, mit der du sprechen möchtest.",German
"Sie können sich entschuldigen, um Sie zu stören, von denen Sie wissen, dass Sie sie sehen.",German
"Wenn jemand beschäftigt ist, können Sie sich immer entschuldigen, um Sie zu stören, und dann können Sie weitermachen und fragen.",German
"Es tut mir leid, Sie zu stören.",German
Wenn Sie mitten in etwas in jemandem sind. ',German
"Ich frage dich etwas, was du sagen kannst.",German
"Du bist mitten in etwas und jemand bittet dich, etwas zu tun, was du sagst.",German
Es tut mir leid.,German
Ich bin in einer Minute bei dir.,German
Ich bin bei dir.,German
"Dann machst du wieder etwas und sagst, wo wir waren.",German
"Zum Beispiel, wann haben wir aufgehört, wo wir waren, und Sie müssen es wiederholen, denn mit welchem ​​Geräusch verwechseln sich manche Leute?",German
"Das ist also eine großartige Möglichkeit zu üben, wo wir wieder waren, wenn Sie mitten in einem Gespräch sind.",German
"und du hast nicht verstanden, was die andere Person gesagt hat, du kannst sagen, dass du gesagt hast und mit einem Fragezeichen.",German
"was bedeutet, was die Person auffordert, noch einmal zu wiederholen?",German
du hast gesagt.,German
"Wenn jemand einen Job in seinen Träumen von dem bekommen hat, was Sie als Glückspilz bezeichnen können, oder wenn jemand in die Universität seiner Träume gekommen ist, als Glückspilz, dann ist dies eine Möglichkeit, der Person zu gratulieren, die Glück hat, oder einfach nur zu betonen, dass sie Glück hat, Glück zu haben, eine andere Art zu sagen Dass du wirklich wütend bist, heißt, ich bin ausgeflippt, als wäre ich so wütend, dass ich ausgeflippt bin.",German
Das ist super wütend.,German
"Oh, das ist fast verrückt.",German
"Ich habe einen anderen Satz ausgeflippt, den Muttersprachler verwenden, der gut für Sie ist.",German
"Dies kann sowohl positiv als auch negativ sein, wenn Sie sagen, dass ich befördert wurde und wenn sie gut für Sie sagen, wie Glückwünsche und manchmal, wenn Sie sagen, dass ich diesen Ort verlasse.",German
Sie sind gut für dich.,German
Ohne dich wäre es besser.,German
Dies ist eine negative Bedeutung.,German
Höre also wirklich auf die Intonation.,German
"Wenn dich etwas überrascht, kannst du auch sagen, dass du mich veräppeln musst wie oh mein Gott.",German
"Ich kann es nicht glauben, dass du mich veräppeln musst, jemandem zu sagen, er solle lächeln und glücklich sein.",German
"Wenn du willst, dass jemand nur so klingt, als würde er weinen und sich über etwas beschweren, das nicht passiert, kannst du sagen, komm, ich kann es tun, ich?",German
Komm schon.,German
"Sie können es tun, Sie können das Toefl passieren.",German
Sie können das Gmat passieren.,German
Sie werden es bekommen.,German
"Sie können es tun, wenn es jemandem wirklich gut geht.",German
"Sie können ihm sagen, dass er die gute Arbeit fortsetzt.",German
"Machen Sie weiter so, wie Sie sind, und machen Sie die gute Arbeit weiter.",German
"Ein anderer Satz ist umgangssprachlich, und das ist es, was Amerikaner tun sagen.",German
"Das ist beleuchtet, was bedeutet, dass es erstaunlich ist, was viele Amerikaner in Kalifornien gesagt haben.",German
"Oh, das ist beleuchtet und du hast es wahrscheinlich in Songs gehört, die ' Wenn jemand nach Fehlern erfolgreich ist, können Sie sagen, dass Sie es schaffen.",German
"Ich habe Ihnen gesagt, dass Sie es schaffen werden, wenn jemand Sie fragt, ob Sie müde sind und Sie sagen möchten, dass Sie überhaupt nicht müde sind kann nicht ein bisschen nah sagen.",German
"Ich möchte weitermachen Ich bin nicht müde, nicht davon, wenn jemand Sie fragt, sind Sie sicher und Sie sind sich ziemlich sicher, dass Sie sagen können, dass dafür kein Platz ist?",German
"In Amerika gibt es keinen Zweifel, ob Sie jemandem eine SMS senden oder ihm eine Nachricht senden möchten, die Sie Text zu Text sagen, damit ich Ihnen eine SMS über WhatsApp oder ein Telegramm oder einen Messenger senden kann Schreiben Sie noch einmal eine SMS, um jemanden aufzumuntern und ihm zu sagen, dass er nicht verärgert sein soll.",German
"Sie können sagen, dass es sich nicht lohnt, warum weinen Sie?",German
Es lohnt sich nicht.,German
"du bist so viel besser als das Problem, über das du weinst ' Es ist deine Tränen nicht wert.",German
Es lohnt sich nicht.,German
"Ich persönlich liebe den Satz, den du rockst, was bedeutet, dass du unglaublich bist.",German
Ach du lieber Gott.,German
du rockst du rockst?,German
"Nein, du hast einen tollen Job gemacht.",German
"Sie rocken, wenn jemand nicht wirklich gut arbeitet und Sie möchten, dass er härter arbeitet.",German
"Sie können sagen, Sie sollten eine Extrameile gehen, was bedeutet, dass Sie wie härter arbeiten Sie eine Extrameile gehen sollten.",German
"Eine andere Möglichkeit, genau das zu sagen, was Sie sagen können: Steigern Sie Ihr Spiel, indem Sie härter arbeiten, und verbessern Sie Ihr Spiel.",German
wenn jemand weint und es nicht will.,German
es sinkt du sagst reiß dich zusammen wie nimm dich buchstäblich und reiß dich zusammen hör auf zu arbeiten hör auf zu weinen reiß dich zusammen.,German
hey beruhige dich zusammen noch ein Satz das.,German
"Ich liebe dich, du hast mich verkauft, weil manchmal Leute ihre Reise beschreiben oder jemanden, den sie gekauft haben, und sie beschreiben, dass es so gut ist.",German
"und sie sind so, als ob ich das gleiche kaufen möchte und ich sage ihnen, dass du es verkauft hast, dass du mich verkauft hast.",German
Ich würde das nicht in Ordnung kaufen.,German
"Du hast mich verkauft, wenn du nicht an dem Gespräch interessiert bist.",German
Du bist wie im Sitzen.,German
"Du kannst sagen, es ist mir egal, das ist so langweilig.",German
ich bin nicht interessiert.,German
"Es ist mir egal, ob dich jemand etwas fragt und das ist eine wirklich einfache Entscheidung für dich, so wie jemand dir sagt, dass du meine 1 Million Dollar nimmst und du sagst, das ist ein Kinderspiel.",German
Ich akzeptiere es.,German
"Dies ist ein Kinderspiel, was bedeutet, dass es eine wirklich einfache Entscheidung für Sie ist, wenn Sie etwas falsch gemacht haben und Sie zugeben, dass Sie sagen können, ich habe es vermasselt, ja Leute.",German
ich weiß.,German
Es tut mir Leid.,German
Ich habe es vermasselt.,German
das ist mein Fehler.,German
"Ich habe es vermasselt Ich habe es vermasselt, wenn du willst, dass jemand anstelle von mir arbeitet, kannst du sagen.",German
"Kannst du mich bedecken, wie kannst du anstelle von mir arbeiten, während ich?",German
Ich sehe meinen Freund.,German
"Kannst du mich abdecken, es ist Zeit zu gehen und Leute, ich sollte besser gehen, was bedeutet, dass ich schon gehen sollte.",German
du weißt es.,German
Es ist tatsächlich 1 9 Uhr.,German
jetzt sofort.,German
"Ich gehe besser einen anderen Weg, um mich zu verabschieden.",German
"Ich kann sagen, pass auf dich auf, was bedeutet, auf dich aufzupassen.",German
Wir sehen uns später.,German
Pass auf dich auf.,German
"Ich weiß nicht, an welchem ​​Tag Sie dieses Video sehen, aber wenn es Freitag ist, zum Beispiel am Wochenende.",German
"Sie können sagen, Gott sei Dank ist Freitag oder denken, Himmel sagte Samstag Wochenende Entdeckung.",German
"Ich bin so froh, dass es Jungs waren.",German
50 Sätze in Englisch.,German
"Lassen Sie mich wissen, ob dies hilfreich war, indem Sie dieses Video mögen und unten kommentieren, wenn Sie weitere coole Sätze kennen.",German
"das wäre toll, da drüben ist irgendwo ein roter Knopf.",German
Hallo und herzlich willkommen.,German
"In diesem Video werde ich Ihnen 100 allgemeine und sehr nützliche Sätze geben, die Sie im Gespräch verwenden können.",German
"Wenn Sie einen Satz üben hören, üben Sie ihn nach mir.",German
"versuche meine Aussprache genau zu kopieren, einschließlich des von mir verwendeten Tonfalls.",German
"Okay, lass uns anfangen.",German
Grundlegende Grüße wie geht es dir?,German
wie geht's?,German
Was geht?,German
"Freut mich, dich kennenzulernen.",German
lange nicht gesehen.,German
Wie ist es dir gegangen?,German
vielen Dank.,German
wie ist es mit Ihnen?,German
nicht viel.,German
das Übliche.,German
Ich muss loslegen.,German
"Es war eine Freude, Sie später zu sehen.",German
in Kontakt bleiben.,German
nach Informationen fragen.,German
"Kannst du mir sagen, was dieses Wort bedeutet?",German
"Würdest du zufällig wissen, wo sich die Bibliothek befindet?",German
zögernd.,German
Das ist eine gute Frage.,German
Lass mich sehen.,German
Lass mich einen Moment nachdenken.,German
nach einer Wiederholung fragen.,German
entschuldigen Sie mich?,German
"Entschuldigung, das habe ich nicht verstanden.",German
"Würde es dir etwas ausmachen, das zu wiederholen?",German
Kannst du etwas langsamer sprechen?,German
Bitte?,German
"sagen ""ich weiß nicht"".",German
"Ich fürchte, ich habe keine Ahnung.",German
"kann dir da nicht helfen, sorry.",German
schlägt mich. Meinungen.,German
was denkst du darüber?,German
Wie stehen Sie dazu?,German
"Ich denke, das ist eine gute Idee.",German
"Ich glaube ehrlich gesagt nicht, dass es funktionieren wird.",German
Für mich ist dies das beste Restaurant der Stadt.,German
eine Frage vermeiden.,German
Ich habe keine Meinung zu diesem Thema.,German
Lassen Sie mich darauf zurückkommen.,German
Es steht mir nicht frei zu sagen.,German
zustimmen und nicht zustimmen.,German
Ich könnte nicht mehr zustimmen.,German
Du hast absolut recht.,German
Ich stimme dir zu 100% zu.,German
Sie treffen den Nagel auf den Kopf.,German
"Ich bin mir nicht sicher, ob ich damit einverstanden bin.",German
"Ich fürchte, ich bin anderer Meinung.",German
"Ich denke, du liegst falsch.",German
höflich unterbrechen.,German
Entschuldigung dass ich dich unterbreche.,German
Kann ich dich dort für einen Moment aufhalten?,German
"Stört es dich, wenn ich hier rein springe?",German
gehen Sie geradeaus.,German
sicher weiter.,German
Lass mich fertig machen.,German
Warte einen Moment.,German
Vorschläge.,German
"Was sagst du, wir gehen ins Kino?",German
Wie wäre es heute Abend mit Pizza zum Abendessen?,German
das wäre toll klingt gut für mich. Da bin ich mir nicht sicher.,German
"Nein, das glaube ich nicht.",German
Pläne schmieden.,German
was machst du heute Nacht?,German
Hast du Pläne für morgen?,German
Bist du nächsten Samstag frei?,German
Willst du dieses Wochenende etwas unternehmen?,German
"Klar, was hast du vor?",German
"Ich bin das ganze Wochenende frei, lass uns etwas tun.",German
"Nein, sorry, ich habe schon einige Pläne verrückt gemacht.",German
Ich bin morgen ziemlich beschäftigt.,German
"Ich würde gerne etwas tun, aber ich kann nicht.",German
Genehmigung.,German
"Stört es Sie, wenn ich Ihr Handy benutze?",German
"Wäre es in Ordnung, wenn ich mir morgen den Tag frei nehmen würde?",German
"Ja, bitte machen Sie weiter.",German
Nein überhaupt nicht.,German
leider muss ich nein sagen.,German
"Ich möchte lieber, dass du es nicht tust.",German
"Ich fürchte, ich tue es.",German
Anfragen.,German
"Könntest du mir das Salz geben, Bitte?",German
"Würde es Ihnen etwas ausmachen, mir etwas Geld zu leihen?",German
"Ich habe mich gefragt, ob du mir dabei helfen könntest.",German
sicher kein Problem.,German
ja natürlich.,German
Ich würde gerne helfen.,German
"Entschuldigung, ich kann jetzt nicht.",German
"Ich fürchte, ich kann nicht.",German
Angebote machen.,German
Kann ich dir ein Glas Wasser holen?,German
Wie wäre es mit etwas Eis?,German
"Möchten Sie, dass ich Sie nach Hause fahre?",German
ja bitte.,German
"das wäre toll, danke.",German
"Ich bin in Ordnung, aber danke für das Angebot.",German
"Nein, mir geht es gut, danke.",German
Menschen danken.,German
tausend Dank.,German
"Prost, ich weiß es wirklich zu schätzen.",German
Das ist sehr nett von dir.,German
Ich kann dir nicht genug danken.,German
Schon gut.,German
erwähne es nicht.,German
Jederzeit.,German
Gern geschehen.,German
jemanden bitten zu warten.,German
Kannst du bitte einen Moment warten?,German
Warte eine Sekunde.,German
ertrage nur einen Moment mit mir.,German
Ich bin gleich bei dir.,German
entschuldige mich. Das tut mir wirklich leid.,German
bitte akzeptiere meine Entschuldigung.,German
Mach dir keine Sorgen.,German
keine Sorge.,German
"Okay, wenn Sie mehr Lektionen über gebräuchliche Sätze und Phrasen wünschen, lassen Sie es mich im Kommentarbereich unten wissen.",German
"Auch wenn Ihnen dieses Video gefallen hat, klicken Sie auf die Schaltfläche ""Gefällt mir"" und denken Sie daran, diesen Kanal zu abonnieren, indem Sie auf die Schaltfläche ""Abonnieren"" klicken, um meine neuesten Lektionen hier auf Youtube zu erhalten.",German
Viel Spaß beim Lernen und wir sehen uns bald in einer weiteren Lektion.,German
"Es war einmal das goldene Brot in einem winzigen Dorf, in dem eine Frau namens Marion lebte.",German
Mit ihrer einzigen Tochter war Narcisa Marion äußerst bescheiden und süß.,German
Narcisa war jedoch genau das Gegenteil.,German
"Sie sehen, sie war unbeschreiblich schön.",German
Sie war wie ein Lebender.,German
"Puppe und der amüsanteste Teil ist, dass sie sich bis zum Äußersten geliebt hat.",German
"Hilf mir, das Brot zu backen, huh, auf keinen Fall, Mama, die Mehlmädchen, all meine hellen und funkelnden Augen.",German
"narcisa, würdest du mir helfen, diese Samen zu pflanzen?",German
Warum sollte ich das tun?,German
Was habe ich den ganzen Schmutz an meinen schönen Fingern?,German
"Schlimmer, wenn es gut auf mein Gesicht ging, war das das Problem mit narcisa.",German
"Sie hielt sich für zu groß, um irgendeine Arbeit zu verrichten.",German
"Viele Freier kamen, um in der Ehe um Narzissenhand zu bitten.",German
"Da ihre Schönheit weit und breit bekannt war, aber sie alle sehr grob zurückwies, warum hast du diese Männer gestern weggeschickt?",German
Sie schienen nett zu sein.,German
"Du kannst es nicht ernst meinen, Mutter eine von ihnen.",German
"hatte so kleine Augen fast wie die eines Vogels und der andere hatte eine riesige Nase, ich würde nicht in seiner Nähe sein wollen.",German
"Als er nieste, oh oh und die letzte Station, nein, ich will nicht mehr hören, alles was ich sehen konnte war, dass diese Männer wirklich nett waren, meine Liebe, du musst diese Schönheit kennen.",German
"ist nicht alles Mutter, die du erkennen musst, dass ich jemanden wie einen Prinzen oder einen Ritter verdiene.",German
"Oh je, eines Nachts, als sie schlief, saß ihre Mutter an ihrer Seite und beobachtete sie.",German
"Mein liebes Kind, du bist so schön und lieblich, aber dir ist nichts anderes wichtig als deine Schönheit.",German
In diesem Moment begann Narzisse im Schlaf zu lachen.,German
"Ihre Mutter war äußerst überrascht, wie schön sie sein musste, als Narzisse am nächsten Morgen einen wirklich lustigen Traum hatte.",German
"Ich bin aufgewacht, sie hat alle gelächelt und hier gekichert, Schatz, sag mir, wovon hast du geträumt?",German
"Letzte Nacht, Mama, es war so ein erstaunlicher Traum, dass du weißt, dass dieser Prinz auf mich zukam.",German
"und sagte, dass er mich heiraten wollte, er war in einem goldenen Wagen gekommen und er war von oben bis unten gekleidet und auch gold, was für ein dummer Traum.",German
"und du weißt, das Beste daran war, als ich in meinem Hochzeitskleid war, das natürlich auch aus Gold war.",German
Natürlich starrten alle nur mich an.,German
"Narcisa, an diesem Traum ist nichts Erstaunliches.",German
"Es war eine sehr egoistische Traummutter, du weißt nicht, was du sagst.",German
"Dieser Traum hat mir klar gemacht, dass ich Essen brauche, das viel größer ist als die Art, die ich hier zu Hause esse.",German
Brot aus Gold.,German
"Denken Sie nur an diese arme Narzissenmutter, die so besorgt um ihre Tochter war und wie.",German
"Sie würde ihr Leben an dem Tag leben, an dem zwei Freunde kamen, um Narzissenmutter zu besuchen.",German
Sie waren Mellie und Terry.,German
"Die drei waren seit Ewigkeiten Freunde, aber Terry und Ellie hatten beide ein Geheimnis.",German
"Waren magische Wesen etwas, von dem Narcisses Mutter nichts über Terry Melli wusste?",German
"Oh, es ist so schön, dich zu sehen, es ist schon sehr lange her.",German
Wie war es dir?,German
Ich war sehr gut.,German
"Ich wäre besser gewesen, wenn nur was wäre, wenn nur meine Tochter Narcisa etwas verständnisvoller wäre.",German
"Marian erzählte Mellie und Terry alles über Narcisa und wie sie sich Sorgen um sie machte, die sie essen möchte Brot aus Gold Was mache ich mit ihr gut, vielleicht wenn ihr Traum wahr wird?",German
"das wäre wunderbar, wäre es nicht gut, egal ich denke mit der Zeit wird sie wachsen, um zu lernen, lass uns über etwas anderes reden.",German
"Jetzt später winkten Mellie und Terry ihrem alten Freund zum Abschied und gingen weg und lächelten sich in dieser Nacht heimlich an, Mutter und Tochter.",German
"Ich hoffe, mein Traum wird wahr, du weißt, oh Narcisa am nächsten Tag, als Narcisa und ihre Mutter draußen in ihrem Garten wunderschön waren.",German
Der goldene Wagen kam auf sie zugeritten.,German
Er war mit Edelsteinen und Diamanten besetzt und sah äußerst atemberaubend aus.,German
"Als es aufhörte, kam ein gutaussehender Mann heraus und sah Narcisa an.",German
"Sie war völlig überrascht, wie gutaussehend er war, mein Traum wird tatsächlich wahr, ähm.",German
"Was für ein Hallo, ich bin hierher gekommen, um nach Narzissenhand in der Ehe zu fragen, aber woher kennst du ihren Namen und wer bist du?",German
"Ich bin schrecklich, der Engel des Glücks.",German
Der Name und die Schönheit Ihrer Tochter sind auf der ganzen Welt bekannt.,German
"Ich habe Ihnen ein Geschenk gebracht, aber Sie kennen ihn kaum.",German
Sie können nicht mit ihm gehen.,German
"Oh dumm, er ist reich und gutaussehend.",German
Was will ich mehr?,German
Ich akzeptiere deinen Vorschlag.,German
"und damit stieg sie in seinen Wagen und ohne sich von ihrer Mutter zu verabschieden, ritt sie mit dem Engel davon, als sie unterwegs waren.",German
"Der Wagen betrat plötzlich ein magisches Portal, das durch ein stürmisches Gebiet fuhr.",German
Der Wagen rumpelte gewaltig herum und Narzissa.,German
"Ich war sehr verängstigt, mach dir keine Sorgen, mein Lieber.",German
"All dies wird bald vorbei sein, als er sagte, dass der Wagen durch ein anderes Portal fuhr und die Auffahrt erreichte.",German
"Von einem riesigen und prächtigen goldenen Schloss war Narcisa erstaunt über die Schönheit, die sie sah.",German
"Ich wusste, dass ich so viele Reichtümer verdiene.",German
"Ich wusste, dass Sie es mögen würden.",German
"Alles, was Sie wollen, finden Sie hier, von den schönsten Kleidern bis zu den leckersten Lebensmitteln In meinem Palast, wo ich gerade von Essen spreche, bin ich nach dieser Fahrt wirklich hungrig.",German
Ich bin am Verhungern.,German
Kann ich irgendetwas von diesem leckeren Essen hier haben?,German
Fleisch stinkt nach Melissa.,German
"Sie wird dir alles besorgen, was du willst.",German
"Ich habe so viel über dich gehört Ich hole dir etwas zu essen, oh danke, sie gingen ins Esszimmer und dort auf dem Tisch war das erstaunlichste Essen, das Narcisa jemals erstaunlich gesehen hatte, weil es die Marmeladen sind, die gemacht wurden.",German
"Von Rubinen sind die Salate von Smaragden und das Brot dort drüben aus goldgoldenem Brot, wie schön diese Marmelade mit dem Brot aussehen und schmecken wird, mit dem sie eine Scheibe genommen hat.",German
"Rubinmarmelade darauf und nahm einen großen Bissen das ist so heiß, dass ich nicht so gut essen kann, es ist Brot aus Gold und das feinste auch, aber wenn du es nicht essen kannst, sollte ich dir Silberbrot Silber holen, huh warum nicht du isst.",German
"etwas anderes, aber ich möchte normales Brotbrot, das ich essen kann.",German
Siehst du nicht so aus wie die zukünftige Frau meines Vaters?,German
Es ist kalt.,German
"Du musst nur die besten Narzissen essen, die ich mir bei all dem Essen angesehen habe.",German
"aber war mit gebrochenem Herzen für alles, was dort ungenießbar war.",German
Sie fing bald an zu weinen.,German
"Ich will das nicht, aber das Essen ist wirklich gut.",German
"Hier probieren Sie ein paar goldene Kartoffeln, sie sind wirklich gut und nachdem Sie mit mir verheiratet sind.",German
Du musst das alles essen.,German
"Ich dachte, du magst ausgefallene Dinge.",German
"Nein, ich will dich nicht heiraten.",German
Ich will nach Hause gehen.,German
zu meiner Mutter lass mich nach Hause gehen Melissa und Terrence sahen sich an und zwinkerten gut.,German
"Wenn es wirklich das ist, was du willst, dann bringe ich dich nach Hause.",German
Angst nahm das Weinen und Unglück.,German
"Narcis zu Hause in der Kutsche begann sie tief über die Entscheidungen nachzudenken, die sie getroffen hatte, als sie zu Hause ankam.",German
"Sie rannte, um ihre Mutter zu umarmen, die traurig im Haus saß, noch die Schwester meiner süßen Tochter.",German
"Ich dachte, ich würde dich nie wieder sehen.",German
"Oh Mama, ich liebe dich so sehr und du hattest rechtes Aussehen und Reichtum ist nicht alles, was das Goldbrot nutzlos war, da ich es und den Mann nicht essen konnte.",German
"Er war gutaussehend, er hat sich überhaupt nicht um mich gekümmert, aber mein Lieber, weißt du, dass du genau so mit anderen umgegangen bist?",German
"Ich weiß, dass es mir so leid tut, wie ich mich verhalten habe, Mama.",German
"Oh nein, es ist in Ordnung, seit du es gesehen hast.",German
"Was dein Fehler war, lass uns dir von diesem Tag an etwas Schönes geben.",German
"narcisa änderte ihre art und weise sie kämpfte zuerst, aber langsam und geduldig wurde sie eines tages viel netter mellie und terry kamen marian wieder entgegen oh hallo ihr zwei, also sag uns marian.",German
"Wie' s Narzissmus jetzt erzählt Marian beiden alles, was passiert war und sie hat sich seit dieser Zeit so sehr verändert.",German
"Hat sie, ich denke, sie würde jetzt kein Goldbrot mehr wollen, oder?",German
"Terry, du siehst tatsächlich ein bisschen wie dieser Engel aus, aber was sehe ich, wie könntest du er sein?",German
Ihr zwei seid so nett,German
